Region,Zone,Woreda
Addis Ababa,Addis Ketema,Addis Ketema
Addis Ababa,Akaki,Akaki
Addis Ababa,Arada,Arada
Addis Ababa,Bole,Bole
Addis Ababa,Gulele,Gulele
Addis Ababa,Kirkos,Kirkos
Addis Ababa,Kolfe,Kolfe
Addis Ababa,Lemi Kura,Lemi Kura
Addis Ababa,Lideta,Lideta
Addis Ababa,Nefas silk Lafto,Nefas silk Lafto
Addis Ababa,Yeka,Yeka
Afar,Zone 1,Adaar
Afar,Zone 1,Afambo
Afar,Zone 1,Aysita Town
Afar,Zone 1,Ayssaita
Afar,Zone 1,Chifra
Afar,Zone 1,Chifra town
Afar,Zone 1,Dubti
Afar,Zone 1,Dubti town
Afar,Zone 1,Elidar
Afar,Zone 1,Gereni
Afar,Zone 1,Kori
Afar,Zone 1,Mille
Afar,Zone 1,Mille Town
Afar,Zone 1,Semere-Logia
Afar,Zone 1,Yangude
Afar,Zone 2,Abala
Afar,Zone 2,Abe'ala town
Afar,Zone 2,Afdera
Afar,Zone 2,Berahile
Afar,Zone 2,Bidu
Afar,Zone 2,Dallol
Afar,Zone 2,Erabti
Afar,Zone 2,Koneba
Afar,Zone 2,Magale
Afar,Zone 2,Wasema
Afar,Zone 3,Abida
Afar,Zone 3,Adobtele Town
Afar,Zone 3,Amibara
Afar,Zone 3,Aregoba
Afar,Zone 3,Awash Fentale
Afar,Zone 3,Awash town
Afar,Zone 3,Bure Medaitu
Afar,Zone 3,Dulecha
Afar,Zone 3,Galalo
Afar,Zone 3,Gewane
Afar,Zone 3,Hanorika
Afar,Zone 3,werar town
Afar,Zone 4,Awura
Afar,Zone 4,Ewa
Afar,Zone 4,Gulina
Afar,Zone 4,Mabay
Afar,Zone 4,Teru
Afar,Zone 4,Yallo
Afar,Zone 5,Dalifaghe
Afar,Zone 5,Dewe
Afar,Zone 5,Hadele'ela
Afar,Zone 5,Semirobi
Afar,Zone 5,Telalak
Afar,Zone 6,Adaado
Afar,Zone 6,Kilelu
Afar,Zone 6,Sibaybi
Amhara,Awi,Ankasha Guagusa
Amhara,Awi,Ayehu Guagusa
Amhara,Awi,Banja
Amhara,Awi,Chagni Town
Amhara,Awi,Dangila Town
Amhara,Awi,Dangila Zuria
Amhara,Awi,Fagita Lekoma
Amhara,Awi,Guagusa Shikuda
Amhara,Awi,Guangua
Amhara,Awi,Injibara Town
Amhara,Awi,Jawi
Amhara,Awi,Zigem
Amhara,Bahir dar City,Bahir dar City
Amhara,Central Gondar,Alefa
Amhara,Central Gondar,Central Armachiho
Amhara,Central Gondar,Chilga-01
Amhara,Central Gondar,Chilga-02
Amhara,Central Gondar,East belesa
Amhara,Central Gondar,East Dembia
Amhara,Central Gondar,Gondar Zuriya
Amhara,Central Gondar,Kinfaze Begela
Amhara,Central Gondar,Lay Armachiho
Amhara,Central Gondar,Tach Armachiho
Amhara,Central Gondar,Takusa
Amhara,Central Gondar,Tegede
Amhara,Central Gondar,West belesa
Amhara,Central Gondar,West Dembia
Amhara,Central Gondar,Wogera
Amhara,Debere Birhan town,Debere Birhan town
Amhara,Debre Markos Town,Debre Markos Town
Amhara,Debre Tabor town,Debre Tabor town
Amhara,Dessie Town,Dessie Town
Amhara,East Gojam,Aneded
Amhara,East Gojam,Awabel
Amhara,East Gojam,Basoliben
Amhara,East Gojam,Bibugn
Amhara,East Gojam,Debaytilatgin
Amhara,East Gojam,Debre Elias
Amhara,East Gojam,Dejen
Amhara,East Gojam,Enarj Enawuga
Amhara,East Gojam,Enemay
Amhara,East Gojam,Enesiesarmidir
Amhara,East Gojam,Goncha
Amhara,East Gojam,Gozamin
Amhara,East Gojam,Hulet Eju Nese
Amhara,East Gojam,Machakel
Amhara,East Gojam,Motta
Amhara,East Gojam,Sedie
Amhara,East Gojam,Shebel
Amhara,East Gojam,Sinan
Amhara,Gondar Town,Gondar Town
Amhara,Kombolcha Town,Kombolcha Town
Amhara,North Gojam,Bahir Dar Zuria
Amhara,North Gojam,Debark Zuria
Amhara,North Gojam,Gonji Kollela
Amhara,North Gojam,Janamora
Amhara,North Gojam,North Achefer
Amhara,North Gojam,North Mecha
Amhara,North Gojam,Telemt
Amhara,North Gojam,Yilmana Densa
Amhara,North Gondar,Adiarkay
Amhara,North Gondar,Beyeda
Amhara,North Gondar,Dabat
Amhara,North Gondar,Debark Town
Amhara,North Gondar,Debark Zuria
Amhara,North Gondar,East Telemt
Amhara,North Gondar,Janamora
Amhara,North Gondar,Maytebri
Amhara,North Gondar,Telemt
Amhara,North Gondar,West telemt
Amhara,North Shewa (AM),Angolela
Amhara,North Shewa (AM),Ankober
Amhara,North Shewa (AM),Antsokia
Amhara,North Shewa (AM),Asagirete
Amhara,North Shewa (AM),Baso
Amhara,North Shewa (AM),Berehet
Amhara,North Shewa (AM),Eferata
Amhara,North Shewa (AM),Ensaro
Amhara,North Shewa (AM),Gishe
Amhara,North Shewa (AM),Hagere Mariam
Amhara,North Shewa (AM),Kewot
Amhara,North Shewa (AM),Menze Gera
Amhara,North Shewa (AM),Menze Keya
Amhara,North Shewa (AM),Menze Lalo
Amhara,North Shewa (AM),Menze Mama
Amhara,North Shewa (AM),Merhabete
Amhara,North Shewa (AM),Mida
Amhara,North Shewa (AM),Minjar
Amhara,North Shewa (AM),Moja
Amhara,North Shewa (AM),Mortena Jiru
Amhara,North Shewa (AM),Saya Deberna Wayu
Amhara,North Shewa (AM),Shewarobit
Amhara,North Shewa (AM),Tarmaber
Amhara,North Wollo,Alamata Town
Amhara,North Wollo,Angot
Amhara,North Wollo,Bugina
Amhara,North Wollo,Dawunt
Amhara,North Wollo,Gazo
Amhara,North Wollo,Gidan
Amhara,North Wollo,Guba Lafto
Amhara,North Wollo,Habru
Amhara,North Wollo,Kobo Town
Amhara,North Wollo,Lalibela Town
Amhara,North Wollo,Lasta
Amhara,North Wollo,Meket
Amhara,North Wollo,Raya Alamata
Amhara,North Wollo,Raya Bala
Amhara,North Wollo,Raya Kobo
Amhara,North Wollo,Wadila
Amhara,Oromia Special,Artuma Fursi
Amhara,Oromia Special,Bati
Amhara,Oromia Special,Bati Town
Amhara,Oromia Special,Dawa Chefa
Amhara,Oromia Special,Dawa Harewa
Amhara,Oromia Special,Jile Timuga
Amhara,Oromia Special,Kemisie Town
Amhara,South Gondar,Andabet
Amhara,South Gondar,Dera
Amhara,South Gondar,Ebinat
Amhara,South Gondar,Estie
Amhara,South Gondar,Farta
Amhara,South Gondar,Fogera
Amhara,South Gondar,Guna Begemidir
Amhara,South Gondar,Lay Gayint
Amhara,South Gondar,Libo kemkem
Amhara,South Gondar,Meketewa
Amhara,South Gondar,Sedie Muja
Amhara,South Gondar,Simada
Amhara,South Gondar,Tach Gayint
Amhara,South Gondar,Woreta
Amhara,South Wello,Albuko
Amhara,South Wello,Ambasel
Amhara,South Wello,Amhara Saint
Amhara,South Wello,Argoba
Amhara,South Wello,Borena
Amhara,South Wello,Delanta
Amhara,South Wello,Dessie Zuria
Amhara,South Wello,Jamma
Amhara,South Wello,Kallu
Amhara,South Wello,Kelala
Amhara,South Wello,Kutaber
Amhara,South Wello,Legambo
Amhara,South Wello,Legehida
Amhara,South Wello,Mehal Saint
Amhara,South Wello,Mekdela
Amhara,South Wello,Sayint
Amhara,South Wello,Tehuledere
Amhara,South Wello,Tenta
Amhara,South Wello,Wogedi
Amhara,South Wello,Worebabo
Amhara,South Wello,Woreilu
Amhara,Wag Himra,Abergele
Amhara,Wag Himra,Dehana
Amhara,Wag Himra,Gazgibla
Amhara,Wag Himra,Korem
Amhara,Wag Himra,Ofla
Amhara,Wag Himra,Sehala
Amhara,Wag Himra,Sekota Town
Amhara,Wag Himra,Sekota Zuria
Amhara,Wag Himra,Tsagbijie
Amhara,Wag Himra,Zata
Amhara,Wag Himra,Ziquala
Amhara,West Gojam,Bure Town
Amhara,West Gojam,Bure Zuria
Amhara,West Gojam,Dega Damot
Amhara,West Gojam,Dembecha
Amhara,West Gojam,Finot Selam
Amhara,West Gojam,Gonji kolela
Amhara,West Gojam,Jabi Tehinan
Amhara,West Gojam,Quarit
Amhara,West Gojam,Sekela
Amhara,West Gojam,South Achefer
Amhara,West Gojam,South Mecha
Amhara,West Gojam,Wenberma
Amhara,West Gojam,Yilimana Diensa
Amhara,West Gondar,Adagnager
Amhara,West Gondar,Gendawuha
Amhara,West Gondar,Metema
Amhara,West Gondar,Quara
Amhara,West Gondar,West arimachiho
Amhara,Woldia Town,Woldia Town
Amhara,Wolkayit,Awura
Amhara,Wolkayit,Dansha
Amhara,Wolkayit,Kafita
Amhara,Wolkayit,Setit
Amhara,Wolkayit,Tegedie
Amhara,Wolkayit,Wolkayit
Benishangul Gumuz,Asosa,Abrahamo
Benishangul Gumuz,Asosa,Asossa Twon
Benishangul Gumuz,Asosa,Bambasi
Benishangul Gumuz,Asosa,Homosha
Benishangul Gumuz,Asosa,Kurmuk
Benishangul Gumuz,Asosa,Menge
Benishangul Gumuz,Asosa,Oda Buldiglu
Benishangul Gumuz,Asosa,Ondulu
Benishangul Gumuz,Asosa,Oura
Benishangul Gumuz,Asosa,Sherkole
Benishangul Gumuz,Kamash,Dambe
Benishangul Gumuz,Kamash,Kamashi
Benishangul Gumuz,Kamash,Kamashi Town
Benishangul Gumuz,Kamash,Mizhiga
Benishangul Gumuz,Kamash,Sedal
Benishangul Gumuz,Kamash,Zay
Benishangul Gumuz,Mao Komo,Mao Komo
Benishangul Gumuz,Metekel,Bulen
Benishangul Gumuz,Metekel,Dangur
Benishangul Gumuz,Metekel,Dibate
Benishangul Gumuz,Metekel,Gelgel Beles Twon
Benishangul Gumuz,Metekel,Guba
Benishangul Gumuz,Metekel,Mandura
Benishangul Gumuz,Metekel,Pawi
Benishangul Gumuz,Metekel,Wembera
Central Ethiopia,East Gurage,Buee
Central Ethiopia,East Gurage,Butajera Town
Central Ethiopia,East Gurage,East Meskan
Central Ethiopia,East Gurage,Enseno Town
Central Ethiopia,East Gurage,Meskan
Central Ethiopia,East Gurage,Sodo
Central Ethiopia,East Gurage,South Sodo
Central Ethiopia,Gurage,Abeshege
Central Ethiopia,Gurage,Agena Town
Central Ethiopia,Gurage,Arekit Town
Central Ethiopia,Gurage,Cheha
Central Ethiopia,Gurage,Emdibir
Central Ethiopia,Gurage,Endegagn
Central Ethiopia,Gurage,Enor
Central Ethiopia,Gurage,Enor Ener Meger
Central Ethiopia,Gurage,Ezha
Central Ethiopia,Gurage,Gedebano Gutazer
Central Ethiopia,Gurage,Geta
Central Ethiopia,Gurage,Gumer
Central Ethiopia,Gurage,Gunchire Town
Central Ethiopia,Gurage,Mihurna Aklil
Central Ethiopia,Gurage,Wolkite Town
Central Ethiopia,Hadiya,Ameka
Central Ethiopia,Hadiya,Annalemo
Central Ethiopia,Hadiya,Bonosha
Central Ethiopia,Hadiya,Duna
Central Ethiopia,Hadiya,East Badawacho
Central Ethiopia,Hadiya,Fonko Town
Central Ethiopia,Hadiya,Gibe
Central Ethiopia,Hadiya,Gimbichau Town
Central Ethiopia,Hadiya,Gombora
Central Ethiopia,Hadiya,Homecho Town
Central Ethiopia,Hadiya,Hosaena Town
Central Ethiopia,Hadiya,Jajura Town
Central Ethiopia,Hadiya,Lemo
Central Ethiopia,Hadiya,Mirab Soro
Central Ethiopia,Hadiya,Misha
Central Ethiopia,Hadiya,Shashogo
Central Ethiopia,Hadiya,Shone Town
Central Ethiopia,Hadiya,Siraro Badewacho
Central Ethiopia,Hadiya,Soro
Central Ethiopia,Hadiya,West Badewacho
Central Ethiopia,Halaba,Atoti Ullo
Central Ethiopia,Halaba,Halaba Kulito Town
Central Ethiopia,Halaba,Wera
Central Ethiopia,Halaba,Wera Dijo
Central Ethiopia,Kebena,Kebena
Central Ethiopia,Kembata,Adilo Zuria
Central Ethiopia,Kembata,Angacha
Central Ethiopia,Kembata,Angacha Town
Central Ethiopia,Kembata,Damboya
Central Ethiopia,Kembata,Doyo Gena
Central Ethiopia,Kembata,Doyogena Town
Central Ethiopia,Kembata,Durame Town
Central Ethiopia,Kembata,Hadar Tunto Zuria
Central Ethiopia,Kembata,Hadaro Town
Central Ethiopia,Kembata,Kacha Birra
Central Ethiopia,Kembata,Kedida Gamela
Central Ethiopia,Kembata,Mudula Town
Central Ethiopia,Kembata,Shinishicho Town
Central Ethiopia,Kembata,Tembaro
Central Ethiopia,Mareko,Mareko
Central Ethiopia,Silite,Alem Gebeya Town
Central Ethiopia,Silite,Alicho Wiriro
Central Ethiopia,Silite,Dalocha
Central Ethiopia,Silite,East Azernet Berbere
Central Ethiopia,Silite,East Silti
Central Ethiopia,Silite,Hulbareg
Central Ethiopia,Silite,Kibet Town
Central Ethiopia,Silite,Lanfuro
Central Ethiopia,Silite,Mito
Central Ethiopia,Silite,Sankura
Central Ethiopia,Silite,Silti
Central Ethiopia,Silite,Tora Town
Central Ethiopia,Silite,West azernet
Central Ethiopia,Silite,Worabe
Central Ethiopia,Yem,Deri Saja Zuriya
Central Ethiopia,Yem,Fofa
Central Ethiopia,Yem,Saja Town
Central Ethiopia,Yem,Toba
Central Ethiopia,Yem,Yem Sp
Dire Dawa,Dire Dawa,Addis Ketema
Dire Dawa,Dire Dawa,Biyoawale
Dire Dawa,Dire Dawa,Dire Dawa
Dire Dawa,Dire Dawa,Gende Kore
Dire Dawa,Dire Dawa,Goro
Dire Dawa,Dire Dawa,Jeldessa
Dire Dawa,Dire Dawa,Legehare
Dire Dawa,Dire Dawa,Melkajebdu
Dire Dawa,Dire Dawa,Wahil
Gambela,Agniwa,Abobo
Gambela,Agniwa,Dimma
Gambela,Agniwa,Gambella Zuria
Gambela,Agniwa,Gog
Gambela,Agniwa,Jewi RC
Gambela,Agniwa,Jor
Gambela,Agniwa,Okugo RC
Gambela,Agniwa,Pugnido 1 RC
Gambela,Agniwa,Pugnido 2 RC
Gambela,Gambella town,Gambella town
Gambela,Gambella Town,Gambella Town
Gambela,Itang Special,Itang Special
Gambela,Itang Special,Kule RC
Gambela,Itang Special,Ngugnyiel RC
Gambela,Itang Special,Terkidy RC
Gambela,Majang,Godere
Gambela,Majang,Mengeshi
Gambela,Nuer,Akobo
Gambela,Nuer,Jikawo
Gambela,Nuer,Lare
Gambela,Nuer,Makuey
Gambela,Nuer,Wanthoa
Harari,Harari,Abadir
Harari,Harari,Aboker
Harari,Harari,Amir Nur
Harari,Harari,Dire Teyara
Harari,Harari,Erer
Harari,Harari,Hakim
Harari,Harari,Jenela
Harari,Harari,Shenkor
Harari,Harari,Sofi
Oromia,Adama Town,Adama Town
Oromia,Agaro Town,Agaro Town
Oromia,Ambo Town,Ambo Town
Oromia,Arsi,Amigna
Oromia,Arsi,Aseko
Oromia,Arsi,Bale Gasgar
Oromia,Arsi,Bokeji Town
Oromia,Arsi,Chole
Oromia,Arsi,Deksis
Oromia,Arsi,Dera Town
Oromia,Arsi,Digeluna Tijo
Oromia,Arsi,Dodota
Oromia,Arsi,Enkelo Wabe
Oromia,Arsi,Gololcha
Oromia,Arsi,Guna
Oromia,Arsi,Hitosa
Oromia,Arsi,Huruta Town
Oromia,Arsi,Jeju
Oromia,Arsi,Limu Bilbilo
Oromia,Arsi,Lode Hetosa
Oromia,Arsi,Merti
Oromia,Arsi,Munesa
Oromia,Arsi,Robe
Oromia,Arsi,Seru
Oromia,Arsi,Shanan Kolu
Oromia,Arsi,Sire
Oromia,Arsi,Sirka
Oromia,Arsi,Sude
Oromia,Arsi,Tena
Oromia,Arsi,Ticho
Oromia,Arsi,Tiyo
Oromia,Arsi,Ziway Dugda
Oromia,Asalla town,Asalla town
Oromia,Bale,Agarfa
Oromia,Bale,Berbere
Oromia,Bale,Dello menna
Oromia,Bale,Dinsho
Oromia,Bale,Gasara
Oromia,Bale,Goba
Oromia,Bale,Goba Town
Oromia,Bale,Goro
Oromia,Bale,Guradamole
Oromia,Bale,Haranna Bulluq
Oromia,Bale,sinana
Oromia,Batu Town,Batu Town
Oromia,Bishoftu City,Bishoftu Town
Oromia,Bishoftu City,Dukem Subcity
Oromia,Borena,Dilo
Oromia,Borena,Dire
Oromia,Borena,Dubluk
Oromia,Borena,Elwaye
Oromia,Borena,Gomole
Oromia,Borena,Guchi
Oromia,Borena,Miyo
Oromia,Borena,Moyale
Oromia,Borena,Taltale
Oromia,Borena,Yabelo
Oromia,Borena,Yabelo Town
Oromia,Bule Hora Town,Bule Hora Town
Oromia,Buno Bedele,Bedele
Oromia,Buno Bedele,Bedele Town
Oromia,Buno Bedele,Boracha
Oromia,Buno Bedele,Chawaqa
Oromia,Buno Bedele,Chora
Oromia,Buno Bedele,Dabo Hana
Oromia,Buno Bedele,Dedesa
Oromia,Buno Bedele,Dega
Oromia,Buno Bedele,Gachi
Oromia,Buno Bedele,Meko
Oromia,East Bale,Dawe Kachen
Oromia,East Bale,Dawe Serer
Oromia,East Bale,Ginnir
Oromia,East Bale,Ginnir Town
Oromia,East Bale,Gololcha
Oromia,East Bale,Laga Hidha
Oromia,East Bale,Raitu
Oromia,East Bale,Sewena
Oromia,East Borena,Arero
Oromia,East Borena,Das
Oromia,East Borena,Gumi Eldalo
Oromia,East Borena,Liben
Oromia,East Borena,Madawalabu
Oromia,East Borena,Negele Borena Town
Oromia,East Borena,Wachile
Oromia,East Borena,West Welabu
Oromia,East Hararge,Babile
Oromia,East Hararge,Babile Town
Oromia,East Hararge,Bedano
Oromia,East Hararge,Chinaksan
Oromia,East Hararge,Dadar
Oromia,East Hararge,Deder Town
Oromia,East Hararge,Fadis
Oromia,East Hararge,Girawa
Oromia,East Hararge,Gola Oda
Oromia,East Hararge,Goro Gutu
Oromia,East Hararge,Goro Muti
Oromia,East Hararge,Gurawa
Oromia,East Hararge,Gursum
Oromia,East Hararge,Haromaya
Oromia,East Hararge,Haromya Town
Oromia,East Hararge,Jarso
Oromia,East Hararge,Kersa
Oromia,East Hararge,Kombolcha
Oromia,East Hararge,Kumbi
Oromia,East Hararge,Kurfa chale
Oromia,East Hararge,Mekanisa Oromo
Oromia,East Hararge,Melka Bello
Oromia,East Hararge,Meta
Oromia,East Hararge,Meye Muluke
Oromia,East Hararge,Midaga Tola
Oromia,East Shewa,Ada'a
Oromia,East Shewa,Adama
Oromia,East Shewa,Adami Tulu Jido Kombolcha
Oromia,East Shewa,Akaki
Oromia,East Shewa,Bora
Oromia,East Shewa,Boset
Oromia,East Shewa,Dugda
Oromia,East Shewa,Fentale
Oromia,East Shewa,Gimbichu
Oromia,East Shewa,Liben
Oromia,East Shewa,Lume
Oromia,East Shewa,Meki Town
Oromia,East Shewa,Metehara Town
Oromia,East Welega,Anger Gute
Oromia,East Welega,Boneya Boshe
Oromia,East Welega,Diga
Oromia,East Welega,Ebantu
Oromia,East Welega,Gida Ayana
Oromia,East Welega,Gobu Seyo
Oromia,East Welega,Gudeya Bila
Oromia,East Welega,Guto Gida
Oromia,East Welega,Haro Limu
Oromia,East Welega,Jima Arjo
Oromia,East Welega,Kiramu
Oromia,East Welega,Leka Dulecha
Oromia,East Welega,Limmu
Oromia,East Welega,Nunu Kumba
Oromia,East Welega,Sasiga
Oromia,East Welega,Sibu Sire
Oromia,East Welega,Wama Hagalo
Oromia,East Welega,Wayu Tuqa
Oromia,Guji,Adola Rede
Oromia,Guji,Adola Town
Oromia,Guji,Aga Wayu
Oromia,Guji,Ana Sora
Oromia,Guji,Arda Jila Me'e Boko
Oromia,Guji,Bore
Oromia,Guji,Dama
Oromia,Guji,Girja
Oromia,Guji,Goro Dola
Oromia,Guji,Gumi Eldalo
Oromia,Guji,Haro Walabu
Oromia,Guji,Liban
Oromia,Guji,Negele Town
Oromia,Guji,Odo Shakiso
Oromia,Guji,Saba Boru
Oromia,Guji,Shakiso Town
Oromia,Guji,Uraga
Oromia,Guji,Wadara
Oromia,Holeta Town,Holeta Twon
Oromia,Horo Gudru,Abay Chomen
Oromia,Horo Gudru,Abe Dengoro
Oromia,Horo Gudru,Amuru
Oromia,Horo Gudru,Choman Guduru
Oromia,Horo Gudru,Guduru
Oromia,Horo Gudru,Hababo Guduru
Oromia,Horo Gudru,Horo
Oromia,Horo Gudru,Horo Bulluk
Oromia,Horo Gudru,Jardega Jarte
Oromia,Horo Gudru,Jima Geneti
Oromia,Horo Gudru,Jima Rare
Oromia,Horo Gudru,Shambu Town
Oromia,Horo Gudru,Sulula Fincha
Oromia,Ilu Aba Bora,Ale
Oromia,Ilu Aba Bora,Alge Sachi
Oromia,Ilu Aba Bora,Becho
Oromia,Ilu Aba Bora,Bilo Nopha
Oromia,Ilu Aba Bora,Bure
Oromia,Ilu Aba Bora,Darimu
Oromia,Ilu Aba Bora,Didu
Oromia,Ilu Aba Bora,Doreni
Oromia,Ilu Aba Bora,Halu
Oromia,Ilu Aba Bora,Hurumu
Oromia,Ilu Aba Bora,Mettu Town
Oromia,Ilu Aba Bora,Metu Zuriya
Oromia,Ilu Aba Bora,Sale Nono
Oromia,Ilu Aba Bora,Yayo
Oromia,Jimma,Botor Tolay
Oromia,Jimma,Chora Botor
Oromia,Jimma,Dedo
Oromia,Jimma,Gera
Oromia,Jimma,Gomma
Oromia,Jimma,Gumay
Oromia,Jimma,Kersa
Oromia,Jimma,Limu Genet Town
Oromia,Jimma,Limu Kosa
Oromia,Jimma,Limu Seka
Oromia,Jimma,Mana
Oromia,Jimma,Mencho
Oromia,Jimma,Nono Benja
Oromia,Jimma,Omo Beyam
Oromia,Jimma,Omo Nada
Oromia,Jimma,Seka Chekorsa
Oromia,Jimma,Sentema
Oromia,Jimma,Shabe sombo
Oromia,Jimma,Sigimo
Oromia,Jimma,Sokoru
Oromia,Jimma,Tiro Afeta
Oromia,Jimma Town,Jimma Town
Oromia,Kelem Wellega,Anfilo
Oromia,Kelem Wellega,Dale Sadi
Oromia,Kelem Wellega,Dale Wabera
Oromia,Kelem Wellega,Dambi Dollo
Oromia,Kelem Wellega,Gawo Kebe
Oromia,Kelem Wellega,Gidami
Oromia,Kelem Wellega,Hawa Galan
Oromia,Kelem Wellega,Jima Horo
Oromia,Kelem Wellega,Lalo Kile
Oromia,Kelem Wellega,Saden Chanka
Oromia,Kelem Wellega,Sayo
Oromia,Kelem Wellega,Yemalogi walal
Oromia,Maya City,Aweday Subcity
Oromia,Maya City,Maya Town
Oromia,Modjo Town,Modjo Town
Oromia,Moyale Town,Moyale Town
Oromia,Nedjo Town,Nedjo Town
Oromia,Nekemte Town,Nekemte Town
Oromia,North Shewa,Abichu Gina
Oromia,North Shewa,Aleltu
Oromia,North Shewa,Berek
Oromia,North Shewa,Chancho Town
Oromia,North Shewa,Debre Libanos
Oromia,North Shewa,Degem
Oromia,North Shewa,Dera
Oromia,North Shewa,Fiche Town
Oromia,North Shewa,Gebra Guracha Town
Oromia,North Shewa,Girar Jarso
Oromia,North Shewa,Hidabu Abote
Oromia,North Shewa,Jida
Oromia,North Shewa,Kimbibit
Oromia,North Shewa,Kuyu
Oromia,North Shewa,Mulo
Oromia,North Shewa,Sendafa
Oromia,North Shewa,Sheno Town
Oromia,North Shewa,Sululta
Oromia,North Shewa,Were Jarso
Oromia,North Shewa,Wuchale
Oromia,North Shewa,Yaya Gulale
Oromia,Robe Town,Robe Town
Oromia,Shager City,Burayu Sub City
Oromia,Shager City,Eka Tafo
Oromia,Shager City,Furi
Oromia,Shager City,Furi Sub City
Oromia,Shager City,Gafarsa Guje Sub City
Oromia,Shager City,Galan Subcity
Oromia,Shager City,Galana Guda
Oromia,Shager City,Koye Fache subcity
Oromia,Shager City,Kura Jida Sub City
Oromia,Shager City,Laga Tafo Laga Dadhi Sub City
Oromia,Shager City,Malka Nono Sub City
Oromia,Shager City,Mana Abichu Sub City
Oromia,Shager City,Sabata Subcity
Oromia,Shager City,Sululta Subcity
Oromia,Shakiso Town,Shakiso Town
Oromia,Shashamane City,Bishan Guracha Subcity
Oromia,Shashamane City,Shashemene Town
Oromia,Sheno Town,Sheno Town
Oromia,South West Shewa,Amaya
Oromia,South West Shewa,Bacho
Oromia,South West Shewa,Dawo
Oromia,South West Shewa,Goro
Oromia,South West Shewa,Ilu
Oromia,South West Shewa,Kersa Malima
Oromia,South West Shewa,Saden Sodo
Oromia,South West Shewa,Sebeta Hawas
Oromia,South West Shewa,Sodo Dachi
Oromia,South West Shewa,Tole
Oromia,South West Shewa,Waliso Rural
Oromia,South West Shewa,Wonchi
Oromia,Weliso Town,Weliso Town
Oromia,West Arsi,Adaba
Oromia,West Arsi,Arsi Negele Rural
Oromia,West Arsi,Arsi Negele Town
Oromia,West Arsi,Dodola Rural
Oromia,West Arsi,Dodola Town
Oromia,West Arsi,Gedeb Hasasa
Oromia,West Arsi,Heben Arsi
Oromia,West Arsi,Kofele
Oromia,West Arsi,Kofele Town
Oromia,West Arsi,Kokosa
Oromia,West Arsi,Kore
Oromia,West Arsi,Nansabo
Oromia,West Arsi,Shala
Oromia,West Arsi,Shashemene
Oromia,West Arsi,Siraro
Oromia,West Arsi,Wondo
Oromia,West Guji,Abaya
Oromia,West Guji,Birbirsa Kojowa
Oromia,West Guji,Dugda Dawa
Oromia,West Guji,Galana
Oromia,West Guji,Hambala wamana
Oromia,West Guji,Kercha
Oromia,West Guji,Kercha Town
Oromia,West Guji,Malka Soda
Oromia,West Guji,Suro Barguda
Oromia,West Hararge,Anchar
Oromia,West Hararge,Bedesa
Oromia,West Hararge,Boke
Oromia,West Hararge,Burka Dhintu
Oromia,West Hararge,Chiro
Oromia,West Hararge,Chiro Town
Oromia,West Hararge,Daro Lebu
Oromia,West Hararge,Doba
Oromia,West Hararge,Gelelmso Town
Oromia,West Hararge,Gemechis
Oromia,West Hararge,Guba Qoricha
Oromia,West Hararge,Gumbi Bordode
Oromia,West Hararge,Habro
Oromia,West Hararge,Hawi Gudina
Oromia,West Hararge,Hirna Town
Oromia,West Hararge,Mechara
Oromia,West Hararge,Mesela
Oromia,West Hararge,Mieso
Oromia,West Hararge,Oda Bultum
Oromia,West Hararge,Tulo
Oromia,West Shewa,Abuna Gindeberet
Oromia,West Shewa,Ada Berga
Oromia,West Shewa,Ambo
Oromia,West Shewa,Bako Tibe
Oromia,West Shewa,Chelia
Oromia,West Shewa,Chobi
Oromia,West Shewa,Dano
Oromia,West Shewa,Dendi
Oromia,West Shewa,Dire Enchini
Oromia,West Shewa,Ejere
Oromia,West Shewa,Ejersa Lafo
Oromia,West Shewa,Elfata
Oromia,West Shewa,Gindeberet
Oromia,West Shewa,Ilu Galan
Oromia,West Shewa,Jeldu
Oromia,West Shewa,Jibat
Oromia,West Shewa,Liban Jawi
Oromia,West Shewa,Meta Robi
Oromia,West Shewa,Meta Welkite
Oromia,West Shewa,Mida Kegn
Oromia,West Shewa,Nono
Oromia,West Shewa,Tikur Enchini
Oromia,West Shewa,Toke Kutaye
Oromia,West Shewa,Walmara
Oromia,West Wellega,Ayira
Oromia,West Wellega,Babo Gambel
Oromia,West Wellega,Begi
Oromia,West Wellega,Bodji Chekorsa
Oromia,West Wellega,Bodji Dirmaji
Oromia,West Wellega,Genji
Oromia,West Wellega,Gimbi Rural
Oromia,West Wellega,Gimbi Town
Oromia,West Wellega,Guliso
Oromia,West Wellega,Haru
Oromia,West Wellega,Homa
Oromia,West Wellega,Jarso
Oromia,West Wellega,Kiltu Kara
Oromia,West Wellega,Lalo Asabi
Oromia,West Wellega,Leta Sibu
Oromia,West Wellega,Mendi Town
Oromia,West Wellega,Mene Sibu
Oromia,West Wellega,Nedjo Rural
Oromia,West Wellega,Nole Kaba
Oromia,West Wellega,Qondala
Oromia,West Wellega,Seyo Nole
Oromia,West Wellega,Yubdo
Sidama,Hawassa City,Hawassa City
Sidama,Sidama,Aleta Chuko
Sidama,Sidama,Aleta Chuko Town
Sidama,Sidama,Aleta Wondo
Sidama,Sidama,Aleta Wondo Town
Sidama,Sidama,Arbegona
Sidama,Sidama,Aroresa
Sidama,Sidama,Bensa
Sidama,Sidama,Bilate Zuria
Sidama,Sidama,Bona Zuria
Sidama,Sidama,Boricha
Sidama,Sidama,Bura
Sidama,Sidama,Bursa
Sidama,Sidama,Chabe Gambeltu
Sidama,Sidama,Chire
Sidama,Sidama,Chirone
Sidama,Sidama,Daela
Sidama,Sidama,Dale
Sidama,Sidama,Dara
Sidama,Sidama,Dara Otilcho
Sidama,Sidama,Darara
Sidama,Sidama,Daya Town
Sidama,Sidama,Gorche
Sidama,Sidama,Hawassa Zuria
Sidama,Sidama,Hawella
Sidama,Sidama,Hoko
Sidama,Sidama,Hula
Sidama,Sidama,Leku Town
Sidama,Sidama,Loka Abaya
Sidama,Sidama,Melga
Sidama,Sidama,Shafamo
Sidama,Sidama,Shebedino
Sidama,Sidama,Teticha
Sidama,Sidama,Tula
Sidama,Sidama,Wondo Genet
Sidama,Sidama,Wondo Genet Town
Sidama,Sidama,Wonsho
Sidama,Sidama,Yirgalem Town
Somali,Afdar,Bare
Somali,Afdar,Charati
Somali,Afdar,Dollo bay
Somali,Afdar,Elkari
Somali,Afdar,God-God
Somali,Afdar,Hargele
Somali,Afdar,Qooxle
Somali,Afdar,Raso
Somali,Afdar,Weast-Imay
Somali,Dawa,Hudhet
Somali,Dawa,Kadadumo
Somali,Dawa,Moyale
Somali,Dawa,Mubarak
Somali,Dollo,Bokh
Somali,Dollo,Danot
Somali,Dollo,Daratole
Somali,Dollo,Galadi
Somali,Dollo,Galhamer
Somali,Dollo,Lahel-yu'ub
Somali,Dollo,Warder
Somali,Erer,Fik
Somali,Erer,Hamaro
Somali,Erer,Lagahida
Somali,Erer,Mayumuluqo
Somali,Erer,Qubi
Somali,Erer,Salahad
Somali,Erer,Wangay
Somali,Erer,Yahob
Somali,Fafan,Awbare
Somali,Fafan,Babili
Somali,Fafan,Goljano
Somali,Fafan,Gursum
Somali,Fafan,Harawo
Somali,Fafan,Harorays
Somali,Fafan,Harshin
Somali,Fafan,Jigjiga city
Somali,Fafan,Koran Mula
Somali,Fafan,Qabribayah
Somali,Fafan,Qabribayah Town
Somali,Fafan,Shabeley
Somali,Fafan,Togwajale town
Somali,Fafan,Tuliguled
Somali,Jarar,Ararso
Somali,Jarar,Aware
Somali,Jarar,Bilcilbur
Somali,Jarar,Birqod
Somali,Jarar,Dagahbour City
Somali,Jarar,Dagehbour
Somali,Jarar,Daroor
Somali,Jarar,Dhagahmadaw
Somali,Jarar,Dig
Somali,Jarar,Gashamo
Somali,Jarar,Gunagado
Somali,Jarar,Yoalle
Somali,Korahe,Bodalay
Somali,Korahe,Dhoboweyn
Somali,Korahe,El-Ogaden
Somali,Korahe,Goglo
Somali,Korahe,Higloley
Somali,Korahe,Kebridahar
Somali,Korahe,Kebridahar Town
Somali,Korahe,Lasdhankeyre
Somali,Korahe,Marsin
Somali,Korahe,Shaykosh
Somali,Korahe,Shilabo
Somali,Liban,Bokolmanyo
Somali,Liban,Dekasuftu
Somali,Liban,Dolo Ado
Somali,Liban,Filtu
Somali,Liban,Gorabakaksa
Somali,Liban,Guradamole
Somali,Liban,Karsadule
Somali,Nogob,Ayun
Somali,Nogob,Duhun
Somali,Nogob,Elwayne
Somali,Nogob,Garbo
Somali,Nogob,Hararey
Somali,Nogob,Horashagah
Somali,Nogob,Sagag
Somali,Shabele,Abaqaraw
Somali,Shabele,Adadle
Somali,Shabele,Berano
Somali,Shabele,Danen
Somali,Shabele,East imay
Somali,Shabele,Elele
Somali,Shabele,Ferfer
Somali,Shabele,Godey
Somali,Shabele,Godey City
Somali,Shabele,Mustahil
Somali,Shabele,Qalafo
Somali,Sitti,Afdam
Somali,Sitti,Ayisha
Somali,Sitti,Danbal
Somali,Sitti,Daymeed
Somali,Sitti,Erer
Somali,Sitti,Gablalu
Somali,Sitti,Gotta Biki
Somali,Sitti,Hadagala
Somali,Sitti,Maeso
Somali,Sitti,Shinile
South Ethiopia,Ale,Ale
South Ethiopia,Ale,Kolango Zuria
South Ethiopia,Amaro,Amaro
South Ethiopia,Amaro,Kele
South Ethiopia,Ari,Baka Dawula
South Ethiopia,Ari,Jinka Town
South Ethiopia,Ari,North Ari
South Ethiopia,Ari,South Ari
South Ethiopia,Ari,Woba Ari
South Ethiopia,Basketo,Basketo
South Ethiopia,Basketo,Laska Town
South Ethiopia,Burji,Burji
South Ethiopia,Burji,Soyama Town
South Ethiopia,Burji,Soyama Zuria
South Ethiopia,Gamo,Arbaminch Town
South Ethiopia,Gamo,Arbaminch Zuria
South Ethiopia,Gamo,Birbir Town
South Ethiopia,Gamo,Bonke
South Ethiopia,Gamo,Boreda
South Ethiopia,Gamo,Chencha Town
South Ethiopia,Gamo,Chencha Zuria
South Ethiopia,Gamo,Dera malo
South Ethiopia,Gamo,Dita
South Ethiopia,Gamo,Gacho Baba
South Ethiopia,Gamo,Garda Marta
South Ethiopia,Gamo,Gerese Town
South Ethiopia,Gamo,Gerese Zuria
South Ethiopia,Gamo,Kamba Town
South Ethiopia,Gamo,Kamba Zuria
South Ethiopia,Gamo,Kogota
South Ethiopia,Gamo,Kucha Alpha
South Ethiopia,Gamo,Kucha Zuria
South Ethiopia,Gamo,Mirab Abaya
South Ethiopia,Gamo,Selamber Town
South Ethiopia,Gardula,Derashe
South Ethiopia,Gardula,Gidole Town
South Ethiopia,Gedeo,Bule
South Ethiopia,Gedeo,Chelelektu Town
South Ethiopia,Gedeo,Choriso
South Ethiopia,Gedeo,Dilla Town
South Ethiopia,Gedeo,Dilla Zuria
South Ethiopia,Gedeo,Gedeb
South Ethiopia,Gedeo,Gedeb Town
South Ethiopia,Gedeo,Kochore
South Ethiopia,Gedeo,Rape
South Ethiopia,Gedeo,Wenago
South Ethiopia,Gedeo,Wenago Town
South Ethiopia,Gedeo,Yirgachefe
South Ethiopia,Gedeo,Yirgachefe Town
South Ethiopia,Gofa,Beto town
South Ethiopia,Gofa,Buliki Town
South Ethiopia,Gofa,Demba Gofa
South Ethiopia,Gofa,Geze Gofa
South Ethiopia,Gofa,Laha Town
South Ethiopia,Gofa,Melo Gada
South Ethiopia,Gofa,Melo Koza
South Ethiopia,Gofa,Oyida
South Ethiopia,Gofa,Sawla Town
South Ethiopia,Gofa,Uba Debretsehay
South Ethiopia,Gofa,Zalla
South Ethiopia,Konso,Karat Town
South Ethiopia,Konso,Karat Zuria
South Ethiopia,Konso,kena
South Ethiopia,Konso,kolme
South Ethiopia,Konso,Segen Zuria
South Ethiopia,Koore,Gorka Wreda
South Ethiopia,Koore,Kele Town
South Ethiopia,Koore,Koore
South Ethiopia,Koore,Sarmale
South Ethiopia,South Omo,Bena Tsemay
South Ethiopia,South Omo,Dasenech
South Ethiopia,South Omo,Gelila Town
South Ethiopia,South Omo,Hamer
South Ethiopia,South Omo,Malie
South Ethiopia,South Omo,Ngangatom
South Ethiopia,South Omo,Salamago
South Ethiopia,South Omo,Turmi Town
South Ethiopia,Wolaita,Abala Abaya
South Ethiopia,Wolaita,Areka Town
South Ethiopia,Wolaita,Bayra Koysha
South Ethiopia,Wolaita,Bele Hawasa Town
South Ethiopia,Wolaita,Boditi Town
South Ethiopia,Wolaita,Boloso Bombe
South Ethiopia,Wolaita,Boloso Sore
South Ethiopia,Wolaita,Damot Gale
South Ethiopia,Wolaita,Damot Pulasa
South Ethiopia,Wolaita,Damot Sore
South Ethiopia,Wolaita,Damot Woyide
South Ethiopia,Wolaita,Duguna Fango
South Ethiopia,Wolaita,Gesuba Town
South Ethiopia,Wolaita,Gununo Hamus Town
South Ethiopia,Wolaita,Hobicha
South Ethiopia,Wolaita,Humbo
South Ethiopia,Wolaita,Kawo Koyisha
South Ethiopia,Wolaita,Kindo didaye
South Ethiopia,Wolaita,Kindo Koyisha
South Ethiopia,Wolaita,Ofa
South Ethiopia,Wolaita,Sodo Town
South Ethiopia,Wolaita,Sodo Zuria
South Ethiopia,Wolaita,Tebela Town
South West Ethiopia,Bench Sheko,Biftu
South West Ethiopia,Bench Sheko,Gidi Bench
South West Ethiopia,Bench Sheko,Gura Ferda
South West Ethiopia,Bench Sheko,Mizan Aman
South West Ethiopia,Bench Sheko,North Bench
South West Ethiopia,Bench Sheko,Sheko
South West Ethiopia,Bench Sheko,Sheko Town
South West Ethiopia,Bench Sheko,Shey Bench
South West Ethiopia,Bench Sheko,Siz Town
South West Ethiopia,Bench Sheko,South Bench
South West Ethiopia,Dawro,Disa
South West Ethiopia,Dawro,Gena
South West Ethiopia,Dawro,Gesa Town
South West Ethiopia,Dawro,Isara
South West Ethiopia,Dawro,Kechi
South West Ethiopia,Dawro,Loma Bosa
South West Ethiopia,Dawro,Mareka
South West Ethiopia,Dawro,Mari mansa
South West Ethiopia,Dawro,Tarcha Town
South West Ethiopia,Dawro,Tarcha Zuriya
South West Ethiopia,Dawro,Tocha
South West Ethiopia,Dawro,Waka
South West Ethiopia,Dawro,Zaba Gazo
South West Ethiopia,Keffa,Adiyo
South West Ethiopia,Keffa,Awurada
South West Ethiopia,Keffa,Bita
South West Ethiopia,Keffa,Bonga Town
South West Ethiopia,Keffa,Chena
South West Ethiopia,Keffa,Cheta
South West Ethiopia,Keffa,Decha
South West Ethiopia,Keffa,Deka Town
South West Ethiopia,Keffa,Ela Hanchano
South West Ethiopia,Keffa,Gesha
South West Ethiopia,Keffa,Gewata
South West Ethiopia,Keffa,Gimbo
South West Ethiopia,Keffa,Goba
South West Ethiopia,Keffa,Sayilem
South West Ethiopia,Keffa,Shishinda
South West Ethiopia,Keffa,Shishoende
South West Ethiopia,Keffa,Tello
South West Ethiopia,Keffa,Wacha Town
South West Ethiopia,Konta,Ameya Town
South West Ethiopia,Konta,Ameya Zuria
South West Ethiopia,Konta,Chida Town
South West Ethiopia,Konta,Ela Anchano
South West Ethiopia,Konta,Konta Koysha
South West Ethiopia,Sheka,Anderacha
South West Ethiopia,Sheka,Masha
South West Ethiopia,Sheka,Masha Town
South West Ethiopia,Sheka,Tepi Town
South West Ethiopia,Sheka,Yeki
South West Ethiopia,West Omo,Bachuma Town
South West Ethiopia,West Omo,Bero
South West Ethiopia,West Omo,Gachit
South West Ethiopia,West Omo,Gorigesha
South West Ethiopia,West Omo,Jamu TA
South West Ethiopia,West Omo,Maji
South West Ethiopia,West Omo,Maji -Tumi Town
South West Ethiopia,West Omo,Menit Goldia
South West Ethiopia,West Omo,Menit Shasha
South West Ethiopia,West Omo,Surima
Tigray,Central,Abi Adi
Tigray,Central,Abrgele yechla
Tigray,Central,Abyiadi 2
Tigray,Central,Adet
Tigray,Central,Adwa
Tigray,Central,Adwa town
Tigray,Central,Ahferom
Tigray,Central,Ahsia
Tigray,Central,Axum town
Tigray,Central,Chila
Tigray,Central,Edabatsahma
Tigray,Central,Egela
Tigray,Central,Emba Seneyti 
Tigray,Central,Enticho
Tigray,Central,Hahayle
Tigray,Central,Keyhe tekil
Tigray,Central,Kola Tembien
Tigray,Central,Laelay machew
Tigray,Central,May kenetal
Tigray,Central,Naeder
Tigray,Central,Rama
Tigray,Central,Tahtay machew
Tigray,Central,Tankamlash
Tigray,East,Adigrat Town
Tigray,East,Atsbi
Tigray,East,Atsibi Endaslasie Town
Tigray,East,Bizet
Tigray,East,Edaga Hamus
Tigray,East,Erob
Tigray,East,Freweini Town
Tigray,East,Ganta Afeshum
Tigray,East,Ger-alta
Tigray,East,Gulomekeda
Tigray,East,Hawzen
Tigray,East,Hawzien Town
Tigray,East,Kilteawlaelo
Tigray,East,Sewha Saesie
Tigray,East,Tsaeda Emba
Tigray,East,Tsiraewemberta
Tigray,East,Wukro Town
Tigray,East,Zalanbesa Town
Tigray,Mekele,Adi Haki
Tigray,Mekele,Ayder
Tigray,Mekele,Hadnet
Tigray,Mekele,Hawelti
Tigray,Mekele,Kedamay Weyane
Tigray,Mekele,Quiha
Tigray,Mekele,Semen
Tigray,North West,Adi Daero
Tigray,North West,Asgede
Tigray,North West,Endaba Guna
Tigray,North West,L/Adiabo
Tigray,North West,Laelay Koraro
Tigray,North West,Laelay Tselemti
Tigray,North West,Maekel Adiabo
Tigray,North West,Maye Tsebri
Tigray,North West,Selekleka
Tigray,North West,Seyemti Adiabo
Tigray,North West,Shire Endasilase
Tigray,North West,Shraro Town
Tigray,North West,Tahetay Adiabo
Tigray,North West,Tahetay Koraro
Tigray,North West,Tselemti
Tigray,North West,Tsimbla
Tigray,North West,Zana
Tigray,South,Alamata Town
Tigray,South,Bora
Tigray,South,C|hercher
Tigray,South,Emba Alaje
Tigray,South,Endamehoni
Tigray,South,Korem Town
Tigray,South,Maichew Town
Tigray,South,Mekoni Town
Tigray,South,Nekesege
Tigray,South,ofla
Tigray,South,Raya Alamata
Tigray,South,Raya azebo
Tigray,South,Raya chercher
Tigray,South,Selewa
Tigray,South,zata
Tigray,South East,Adigudem Town
Tigray,South East,Degua
Tigray,South East,Enderta
Tigray,South East,Hagere Selam Town
Tigray,South East,Hintallo
Tigray,South East,Samre
Tigray,South East,Seharti
Tigray,South East,Wajerat
Tigray,West,Awera
Tigray,West,Dansha
Tigray,West,Kafta Humera
Tigray,West,Korarit
Tigray,West,May Gaba
Tigray,West,May kadira
Tigray,West,Setit Humera
Tigray,West,Tsegede
Tigray,West,Welkayit
